source_path,target_path,split,class_name,side,classification,group
storage/dummy_data/front/regular/ungroupable/front_regular_ungroupable_1.png,storage/exports/job_20260813_162731_b25445/train/regular/front__ungroupable__front_regular_ungroupable_1.png,train,regular,front,regular,ungroupable
storage/dummy_data/front/suspicious/ungroupable/front_suspicious_ungroupable_2.png,storage/exports/job_20260813_162731_b25445/train/suspicious/front__ungroupable__front_suspicious_ungroupable_2.png,train,suspicious,front,suspicious,ungroupable
storage/dummy_data/front/suspicious/group_2/front_suspicious_group_2_1.png,storage/exports/job_20260813_162731_b25445/train/suspicious/front__group_2__front_suspicious_group_2_1.png,train,suspicious,front,suspicious,group_2
storage/dummy_data/front/suspicious/group_3/front_suspicious_group_3_1.png,storage/exports/job_20260813_162731_b25445/train/suspicious/front__group_3__front_suspicious_group_3_1.png,train,suspicious,front,suspicious,group_3
storage/dummy_data/front/suspicious/group_1/front_suspicious_group_1_2.png,storage/exports/job_20260813_162731_b25445/train/suspicious/front__group_1__front_suspicious_group_1_2.png,train,suspicious,front,suspicious,group_1
storage/dummy_data/front/regular/ungroupable/front_regular_ungroupable_2.png,storage/exports/job_20260813_162731_b25445/train/regular/front__ungroupable__front_regular_ungroupable_2.png,train,regular,front,regular,ungroupable
storage/dummy_data/front/regular/group_3/front_regular_group_3_2.png,storage/exports/job_20260813_162731_b25445/val/regular/front__group_3__front_regular_group_3_2.png,val,regular,front,regular,group_3
storage/dummy_data/front/regular/group_2/front_regular_group_2_2.png,storage/exports/job_20260813_162731_b25445/val/regular/front__group_2__front_regular_group_2_2.png,val,regular,front,regular,group_2
storage/dummy_data/front/suspicious/ungroupable/front_suspicious_ungroupable_1.png,storage/exports/job_20260813_162731_b25445/test/suspicious/front__ungroupable__front_suspicious_ungroupable_1.png,test,suspicious,front,suspicious,ungroupable
